[
  {
    "id": "6d55867c-fac1-4f45-a759-ea2fcb5cae2c",
    "data": [
      {
        "text": "what? meditation?",
        "userDefined": false
      }
    ],
    "isTemplate": false,
    "count": 4,
    "lang": "en",
    "updated": 0
  },
  {
    "id": "4f340930-3c4f-4905-8c3e-e16fa346c515",
    "data": [
      {
        "text": "watcha doin",
        "userDefined": false
      }
    ],
    "isTemplate": false,
    "count": 0,
    "lang": "en",
    "updated": 0
  },
  {
    "data": [
      {
        "text": "mann bharyya ",
        "userDefined": false
      },
      {
        "text": "badal",
        "meta": "@sys.person",
        "alias": "person",
        "userDefined": false
      },
      {
        "text": " gaya saara",
        "userDefined": false
      }
    ],
    "isTemplate": false,
    "count": 0,
    "lang": "en",
    "updated": 0
  },
  {
    "data": [
      {
        "text": "gallan teriyan to lagda e yaara",
        "userDefined": false
      }
    ],
    "isTemplate": false,
    "count": 0,
    "lang": "en",
    "updated": 0
  }
]