[
  {
    "id": "a56fa6f6-1c0f-4cb5-8583-b2cd1e8e7651",
    "data": [
      {
        "text": "could you order me a pizza ",
        "userDefined": false
      },
      {
        "text": "here",
        "meta": "@sys.street-address",
        "alias": "street-address",
        "userDefined": true
      }
    ],
    "isTemplate": false,
    "count": 0,
    "lang": "en",
    "updated": 0
  },
  {
    "id": "422f28f7-f88c-4c4e-89ce-179c8a92bce6",
    "data": [
      {
        "text": "order me a pizza in ",
        "userDefined": false
      },
      {
        "text": "small size",
        "meta": "@Size",
        "alias": "Size",
        "userDefined": true
      }
    ],
    "isTemplate": false,
    "count": 0,
    "lang": "en",
    "updated": 0
  },
  {
    "id": "fa417e7f-9411-45cf-a529-239ecef6d889",
    "data": [
      {
        "text": "order me a pizza with onion ",
        "userDefined": false
      },
      {
        "text": "toppings",
        "meta": "@toppings",
        "alias": "toppings",
        "userDefined": true
      }
    ],
    "isTemplate": false,
    "count": 0,
    "lang": "en",
    "updated": 0
  },
  {
    "id": "6bebef77-9915-433f-aefe-64702bb6a0e9",
    "data": [
      {
        "text": "order me a pizza ",
        "userDefined": false
      },
      {
        "text": "here",
        "meta": "@sys.address",
        "alias": "address",
        "userDefined": true
      }
    ],
    "isTemplate": false,
    "count": 0,
    "lang": "en",
    "updated": 0
  },
  {
    "id": "5154483f-5183-46f9-b562-8adc42fcc69d",
    "data": [
      {
        "text": "order me pizza ",
        "userDefined": false
      },
      {
        "text": "now",
        "meta": "@sys.time-period",
        "alias": "time-period",
        "userDefined": true
      }
    ],
    "isTemplate": false,
    "count": 0,
    "lang": "en",
    "updated": 0
  },
  {
    "id": "737e3387-64ee-4d10-9f6b-cac52c73a639",
    "data": [
      {
        "text": "order me a pizza in the mail id of ",
        "userDefined": false
      },
      {
        "text": "abc@gmail.com",
        "meta": "@sys.email",
        "alias": "email2",
        "userDefined": true
      }
    ],
    "isTemplate": false,
    "count": 0,
    "lang": "en",
    "updated": 0
  },
  {
    "id": "d9e824e1-82a4-473a-8049-33df048dabfa",
    "data": [
      {
        "text": "order me a pizza in the ",
        "userDefined": false
      },
      {
        "text": "45678912",
        "meta": "@sys.phone-number",
        "alias": "phone-number",
        "userDefined": true
      }
    ],
    "isTemplate": false,
    "count": 0,
    "lang": "en",
    "updated": 0
  },
  {
    "id": "3e4fee41-0d16-4eed-a8ba-892e326c7b9d",
    "data": [
      {
        "text": "order me a pizza",
        "userDefined": false
      }
    ],
    "isTemplate": false,
    "count": 0,
    "lang": "en",
    "updated": 0
  }
]