[
  {
    "action": "smalltalk.agent.acquaintance",
    "customAnswers": [
      "Am a Pizza Bot",
      "Am Lovish\u0027s Bot",
      "I am a Bot",
      "I am a chat bot"
    ]
  },
  {
    "action": "smalltalk.agent.age",
    "customAnswers": [
      "I am a bot",
      "a day"
    ]
  },
  {
    "action": "smalltalk.agent.annoying",
    "customAnswers": [
      "May I know your question"
    ]
  },
  {
    "action": "smalltalk.appraisal.good",
    "customAnswers": [
      "Thank you"
    ]
  }
]